;url;sku;start;end
0;http://and-rus.ru/files/calibration/UA-200%28%E2%84%96%E2%84%96%20160700001-160705000%29.pdf;200;160700001;160705000
1;http://and-rus.ru/files/calibration/UA-200%28%E2%84%96%E2%84%96G160800001-G160810000%29.pdf;200;160800001;160810000
2;http://and-rus.ru/files/calibration/2017/01/UA-200%28G161100001-G161105000%29.pdf;200;161100001;161105000
3;http://and-rus.ru/files/calibration/2017/01/UA-200%28G161000001-G161008000%29.pdf;200;161000001;161008000
4;http://and-rus.ru/files/calibration/UA-200%28G160900001-G160905000%29.jpg;200;160900001;160905000
5;http://and-rus.ru/files/calibration/2017/04/%E2%84%96%201897-17-M%20UA-200%20G161200001-161202000.pdf;200;161200001;161202000
6;http://and-rus.ru/files/calibration/2017/04/%E2%84%96%201937-17-M%20UA-100%20G170100001-170105000.pdf;200;170100001;170105000
7;http://and-rus.ru/files/calibration/2017/07/%E2%84%96%203983-17-M%20UA-200%20G170200001-170204000.pdf;200;170200001;170204000
8;http://and-rus.ru/files/calibration/2017/06/%E2%84%96%2011-17-M%20UA-200%20G170300001-170305000.pdf;200;170300001;170305000
9;http://and-rus.ru/files/calibration/2017/09/%E2%84%96%205556-17-%D0%9C_UA-200%20G170600001-G170607000.pdf;200;170600001;170607000
10;http://and-rus.ru/files/calibration/2017/11/%E2%84%96%206609-17-M_UA-200_B170600001-B170603000.pdf;200;170600001;170603000
11;http://and-rus.ru/files/calibration/2017/11/%E2%84%96%206932-17-M_UA-200_G170700001-G170709000.pdf;200;170700001;170709000
12;http://and-rus.ru/files/calibration/2017/11/%E2%84%96%206933-17-M_UA-200_G170800001-G170809060.pdf;200;170800001;170809060
13;http://and-rus.ru/files/calibration/2017/11/%E2%84%96%207247-17-M_UA-200_G170809061-G170810000.pdf;200;170809061;170810000
14;http://and-rus.ru/files/calibration/2017/12/%E2%84%96%207319-17-%D0%9C%20UA-200%20G170900001-G170903320.pdf;200;170900001;170903320
15;http://and-rus.ru/files/calibration/2018/01/%E2%84%96%20158-18-%D0%9C%20UA-200%20G170903321-G170905000.pdf;200;170903321;170905000
16;http://and-rus.ru/files/calibration/2018/02/%E2%84%96%20434-18-M_UA-200_G171100001-G171108000.pdf;200;171100001;171108000
17;http://and-rus.ru/files/calibration/UA-100%20%28%E2%84%96%E2%84%96%2016050001-16052200%29.jpg;100;160500001;160522000
18;http://and-rus.ru/files/calibration/UA-100%20%28%E2%84%96%E2%84%96%20160400001%20160411500%29.jpg;100;160400001;160411500
19;http://and-rus.ru/files/calibration/UA-100%28%E2%84%96%E2%84%96%20160600001-160611000%29.pdf;100;160600001;160611000
20;http://and-rus.ru/files/calibration/UA-100%28%E2%84%96%E2%84%96G160700001-G160732000%29.pdf;100;160700001;160732000
21;http://and-rus.ru/files/calibration/UA-100%28%E2%84%96%E2%84%96%20160900001-160917000%29.jpg;100;160900001;160917000
22;http://and-rus.ru/files/calibration/UA-100%28%E2%84%96%E2%84%96160800001-160822500%29.jpg;100;160800001;160822500
23;http://and-rus.ru/files/calibration/2017/01/UA-100%28G161100001-G161121000%29.pdf;100;161100001;161121000
24;http://and-rus.ru/files/calibration/2017/01/UA-100%28G161000001-G161003000%29.pdf;100;161000001;161003000
25;http://and-rus.ru/files/calibration/2017/04/%E2%84%96%201896-17-M%20UA-100%20G161200001-161220000.pdf;100;161200001;161220000
26;http://and-rus.ru/files/calibration/2017/04/%E2%84%96%201936-17-M%20UA-100%20G170100001-170122500.pdf;100;170100001;170122500
27;http://and-rus.ru/files/calibration/2017/06/%E2%84%96%2010-17-M%20UA-100%20G170300001-170323000.pdf;100;170300001;170323000
28;http://and-rus.ru/files/calibration/2017/07/%E2%84%96%203984-17-M%20UA-100%20G170122501-G170123000.pdf;100;170122501;170123000
29;http://and-rus.ru/files/calibration/2017/07/%E2%84%96%203985-17-M%20UA-100%20G170200001-G170207000.pdf;100;170200001;170207000
30;http://and-rus.ru/files/calibration/2017/07/%E2%84%96%204342-17-M%20UA-100%20G170500001-G170527060.pdf;100;170500001;170527060
31;http://and-rus.ru/files/calibration/2017/09/%E2%84%96%205519-17-%D0%9C_UA-100%20G170600001-G170618600.pdf;100;170600001;170618600
32;http://and-rus.ru/files/calibration/2017/09/%E2%84%96%205520-17-%D0%9C_UA-100%20G170527061-G170528000.pdf;100;170527061;170528000
33;http://and-rus.ru/files/calibration/2017/09/%E2%84%96%205557-17-%D0%9C_UA-100%20G170618601-G170645300.pdf;100;170618601;170645300
34;http://and-rus.ru/files/calibration/2017/11/%E2%84%96%206608-17-M_UA-100_B170600001-B170603000.pdf;100;170600001;170603000
35;http://and-rus.ru/files/calibration/2017/11/%E2%84%96%206924-17-M_UA-100_G170700001-G170702000.pdf;100;170700001;170702000
36;http://and-rus.ru/files/calibration/2017/11/%E2%84%96%206925-17-M_UA-100_G170645301-G170660000.pdf;100;170645301;170660000
37;http://and-rus.ru/files/calibration/2017/11/%E2%84%96%206931-17-M_UA-100_G170800001-G170817000.pdf;100;170800001;170817000
38;http://and-rus.ru/files/calibration/2017/12/%E2%84%96%207455-17-%D0%9C%20UA-100%20G170900001-G170923000.pdf;100;170900001;170923000
39;http://and-rus.ru/files/calibration/2018/01/%E2%84%96%20203-18-%D0%9C_UA-100_G171020001-G171025000.pdf;100;171020001;171025000
40;http://and-rus.ru/files/calibration/2018/01/%E2%84%96%20204-18-%D0%9C_UA-100_G171010001-G171020000.pdf;100;171010001;171020000
41;http://and-rus.ru/files/calibration/2018/01/%E2%84%96%20205-18-%D0%9C_UA-100_G171000001-G171010000.pdf;100;171000001;171010000
42;http://and-rus.ru/files/calibration/2018/02/%E2%84%96%20448-18-%D0%9C_UA-100_G171025001-G171027000.pdf;100;171025001;171027000
43;http://and-rus.ru/files/calibration/2018/02/%E2%84%96%20502-18-%D0%9C_UA-100_G171100001-G171110000.pdf;100;171100001;171110000
44;http://and-rus.ru/files/calibration/2018/02/%E2%84%96%20522-18-%D0%9C_UA-100_G171110001-G171115560.pdf;100;171110001;171115560
45;http://and-rus.ru/files/calibration/2017/03/%E2%84%96%201585-17-M%20UB-201%205170100001-5170107000.pdf;201;5170100001;5170107000
46;http://and-rus.ru/files/calibration/2017/07/%E2%84%96%204129-17-M%20UB-201%205170400001-5170401000.pdf;201;5170400001;5170401000
47;http://and-rus.ru/files/calibration/2017/08/%E2%84%96%204756-17-M_UB-201%205161001029-5161001038.pdf;201;5161001029;5161001038
48;http://and-rus.ru/files/calibration/2017/09/%E2%84%96%205224-17-%D0%9C_UB-201%205170700001-5170701000.pdf;201;5170700001;5170701000
49;http://and-rus.ru/files/calibration/2017/12/%E2%84%96%207258-17-%D0%9C%20UB-201%205170500001-5170502000.pdf;201;5170500001;5170502000
50;http://and-rus.ru/files/calibration/2018/02/%E2%84%96%20511-18-%D0%9C_UB-201_5171200001-5171203000.pdf;201;5171200001;5171203000
51;http://and-rus.ru/files/calibration/2017/03/%E2%84%96%201586-17-M%20UB-402%205170100001-5170101500.pdf;402;5170100001;5170105000
52;http://and-rus.ru/files/calibration/2017/07/%E2%84%96%204134-17-M%20UB-402%205170500001-5170500990.pdf;402;5170500001;5170500990
53;http://and-rus.ru/files/calibration/2017/07/%E2%84%96%204135-17-M%20UB-402%205170400001-5170400500.pdf;402;5170400001;5170400500
54;http://and-rus.ru/files/calibration/2017/08/%E2%84%96%204763-17-M%20UB-402%205170500991-5170501000.pdf;402;5170500991;5170501000
55;http://and-rus.ru/files/calibration/2017/09/%E2%84%96%205223-17-%D0%9C_UB-402%205170700001-5170700500.pdf;402;5170700001;5170700500
56;http://and-rus.ru/files/calibration/2017/10/%E2%84%96%206403-17-M_UB-402_5170800001-5170800500.pdf;402;5170800001;5170800500
57;http://and-rus.ru/files/calibration/2017/12/%E2%84%96%207263-17-%D0%9C%20UB-402%205170900001-5170901000.pdf;402;5170900001;5170901000
58;http://and-rus.ru/files/calibration/2017/12/%E2%84%96%207508-17-%D0%9C%20UB-402%205171000001-5171001000.pdf;402;5171000001;5171001000
59;http://and-rus.ru/files/calibration/2017/12/%E2%84%96%208205-17-M%20UB-402%205171100001-5171100500.pdf;402;5171100001;5171100500
60;http://and-rus.ru/files/calibration/2018/02/%E2%84%96%20514-18-%D0%9C_UB-402_5171200001-5171200500.pdf;402;5171200001;5171200500
61;http://and-rus.ru/files/calibration/2017/03/%E2%84%96%201587-17-M%20UB-403%205170100001-5170100500.pdf;403;5170100001;5170100500
62;http://and-rus.ru/files/calibration/2017/04/%E2%84%96%202024-17-M%20UB-403%205170300001-5170300200.pdf;403;5170300001;5170300200
63;http://and-rus.ru/files/calibration/2017/03/UA-668%285161101001-5161102000%29.pdf;668;5161101001;5161102000
64;http://and-rus.ru/files/calibration/2017/03/UA-668%285161000001-5161001000%29.pdf;668;5161000001;5161001000
65;http://and-rus.ru/files/calibration/2017/03/%E2%84%96%201441-17-M%20UA-668%205161200001-5161201000.pdf;668;5161200001;5161201000
66;http://and-rus.ru/files/calibration/2017/03/%E2%84%96%201442-17-M%20UA-668%205170100001-5170100950.pdf;668;5170100001;5170100950
67;http://and-rus.ru/files/calibration/2017/03/%E2%84%96%201443-17-%D0%9C%20UA-668%205161102001-5161103000.pdf;668;5161102001;5161103000
68;http://and-rus.ru/files/calibration/2017/04/%E2%84%96%202033-17-M%20UA-668%205170100951-5170101000.pdf;668;5170100951;5170101000
69;http://and-rus.ru/files/calibration/2017/03/UA-669%285161000361-5161000720%29.pdf;669;5161000361;5161000720
70;http://and-rus.ru/files/calibration/2017/03/UA-669%285161000861-5161001000%29.pdf;669;5161000861;5161001000
71;http://and-rus.ru/files/calibration/2017/06/%E2%84%96%202921-17-%D0%9C%20UA-669%205170300001-5170300200.pdf;669;5170300001;5170300200
72;http://and-rus.ru/files/calibration/2017/07/%E2%84%96%203912-17-%D0%9C%20UA-669%205170400001-5170400420.pdf;669;5170400001;5170400420
73;http://and-rus.ru/files/calibration/2017/07/%E2%84%96%203913-17-%D0%9C%20UA-669%205170400911-5170400990.pdf;669;5170400911;5170400990
74;http://and-rus.ru/files/calibration/2017/08/%E2%84%96%204765-17-M_UA-669%205170400991-5170401000.pdf;669;5170400991;5170401000
75;http://and-rus.ru/files/calibration/2017/08/%E2%84%96%204766-17-M_UA-669%205170400421-5170400910.pdf;669;5170400421;5170400910
76;http://and-rus.ru/files/calibration/2018/02/%E2%84%96%20599-18-%D0%9C_UA-669_5171200001-5171200500.pdf;669;5171200001;5171200500
77;http://and-rus.ru/files/calibration/2017/03/UA-777%285160800001-5160803000%29.pdf;777;5160800001;5160803000
78;http://and-rus.ru/files/calibration/2017/03/UA-777%285161000001-5161007820%29.pdf;777;5161000001;5161007820
79;http://and-rus.ru/files/calibration/2017/03/UA-777%285161008001-5161008180%29.pdf;777;5161008001;5161008180
80;http://and-rus.ru/files/calibration/2017/03/UA-777%285160900001-5160901000%29.pdf;777;5160900001;5160901000
81;http://and-rus.ru/files/calibration/2017/03/UA-777%285161007821-5161008000%29.pdf;777;5161007821;5161008000
82;http://and-rus.ru/files/calibration/2017/03/UA-777%285161008361-5161008720%29.pdf;777;5161008361;5161008720
83;http://and-rus.ru/files/calibration/2017/03/UA-777%285161008981-5161009080%29.pdf;777;5161008981;5161009080
84;http://and-rus.ru/files/calibration/2017/03/UA-777%285161009741-5161010100%29.pdf;777;5161009741;5161010100
85;http://and-rus.ru/files/calibration/2017/03/UA-777%285161010821-5161013220%29.pdf;777;5161010821;5161013220
86;http://and-rus.ru/files/calibration/2017/03/UA-777%285161013361-5161014480%29.pdf;777;5161013361;5161014480
87;http://and-rus.ru/files/calibration/2017/03/UA-777%285161015441-5161015920%29.pdf;777;5161015441;5161015920
88;http://and-rus.ru/files/calibration/2017/03/%E2%84%96%201001-17-%D0%9C%20UA-777%205161100001-5161101000.pdf;777;5161100001;5161101000
89;http://and-rus.ru/files/calibration/2017/03/%E2%84%96%201448-17-M%20UA-777%205161200001-5161205760.pdf;777;5161200001;5161205760
90;http://and-rus.ru/files/calibration/2017/03/%E2%84%96%201449-17-M%20UA-777%205161205811-5161207440.pdf;777;5161205811;5161207440
91;http://and-rus.ru/files/calibration/2017/03/%E2%84%96%201450-17-M%20UA-777%205161207921-5161209840.pdf;777;5161207921;5161209840
92;http://and-rus.ru/files/calibration/2017/03/%E2%84%96%201451-17-M%20UA-777%205161210151-5161211840.pdf;777;5161210151;5161211840
93;http://and-rus.ru/files/calibration/2017/03/%E2%84%96%201595-17-M%20UA-777%205161211841-5161212000.pdf;777;5161211841;5161212000
94;http://and-rus.ru/files/calibration/2017/03/%E2%84%96%201596-17-M%20UA-777%205161209841-5161210150.pdf;777;5161209841;5161210150
95;http://and-rus.ru/files/calibration/2017/03/%E2%84%96%201597-17-M%20UA-777%205161207441-5161207920.pdf;777;5161207441;5161207920
96;http://and-rus.ru/files/calibration/2017/03/%E2%84%96%201598-17-M%20UA-777%205161205761-5161205810.pdf;777;5161205761;5161205810
97;http://and-rus.ru/files/calibration/2017/03/%E2%84%96%201599-17-M%20UA-777%205170100001-5170101000.pdf;777;5170100001;5170101000
98;http://and-rus.ru/files/calibration/2017/04/%E2%84%96%201833-17-M%20UA-777%205161101001-5161104000.pdf;777;5161101001;5161104000
99;http://and-rus.ru/files/calibration/2017/04/%E2%84%96%201834-17-M%20UA-777%205161015921-5161016000.pdf;777;5161015921;5161016000
100;http://and-rus.ru/files/calibration/2017/04/%E2%84%96%201835-17-M%20UA-777%205161014481-5161015440.pdf;777;5161014481;5161015440
101;http://and-rus.ru/files/calibration/2017/04/%E2%84%96%201836-17-M%20UA-777%205161013221-5161013360.pdf;777;5161013221;5161013360
102;http://and-rus.ru/files/calibration/2017/04/%E2%84%96%201837-17-M%20UA-777%205161010101-5161010820.pdf;777;5161010101;5161010820
103;http://and-rus.ru/files/calibration/2017/04/%E2%84%96%201838-17-M%20UA-777%205161009081-5161009740.pdf;777;5161009081;5161009740
104;http://and-rus.ru/files/calibration/2017/04/%E2%84%96%201839-17-M%20UA-777%205161008721-5161008980.pdf;777;5161008721;5161008980
105;http://and-rus.ru/files/calibration/2017/04/%E2%84%96%201840-17-M%20UA-777%205161008181-5161008360.pdf;777;5161008181;5161008360
106;http://and-rus.ru/files/calibration/2017/04/%E2%84%96%202035-17-M%20UA-777%205170200001-5170201000.pdf;777;5170200001;5170201000
107;http://and-rus.ru/files/calibration/2017/04/%E2%84%96%202036-17-M%20UA-777%205170300601-5170311270.pdf;777;5170300601;5170311270
108;http://and-rus.ru/files/calibration/2017/04/%E2%84%96%202037-17-M%20UA-777%205170311771-5170316600.pdf;777;5170311771;5170316600
109;http://and-rus.ru/files/calibration/2017/07/%E2%84%96%203915-17-M%20UA-777%205170311271-5170311770.pdf;777;5170311271;5170311770
110;http://and-rus.ru/files/calibration/2017/07/%E2%84%96%203916-17-M%20UA-777%205170400001-5170401000.pdf;777;5170400001;5170401000
111;http://and-rus.ru/files/calibration/2017/07/%E2%84%96%203917-17-M%20UA-777%205170500001-5170507250.pdf;777;5170500001;5170507250
112;http://and-rus.ru/files/calibration/2017/07/%E2%84%96%203918-17-M%20UA-777%205170509181-5170509660.pdf;777;5170509181;5170509660
113;http://and-rus.ru/files/calibration/2017/07/%E2%84%96%203919-17-M%20UA-777%205170510001-5170511800.pdf;777;5170510001;5170511800
114;http://and-rus.ru/files/calibration/2017/07/%E2%84%96%203920-17-M%20UA-777%205170512521-5170512880.pdf;777;5170512521;5170512880
115;http://and-rus.ru/files/calibration/2017/07/%E2%84%96%203921-17-M%20UA-777%205170513241-5170513600.pdf;777;5170513241;5170513600
116;http://and-rus.ru/files/calibration/2017/07/%E2%84%96%203922-17-M%20UA-777%205170513961-5170514680.pdf;777;5170513961;5170514680
117;http://and-rus.ru/files/calibration/2017/07/%E2%84%96%203923-17-M%20UA-777%205170519681-5170519710.pdf;777;5170519681;5170519710
118;http://and-rus.ru/files/calibration/2017/07/%E2%84%96%203924-17-M%20UA-777%205170520001-5170521500.pdf;777;5170520001;5170521500
119;http://and-rus.ru/files/calibration/2017/08/%E2%84%96%204768-17-M_UA-777%205170602001-5170603000.pdf;777;5170602001;5170603000
120;http://and-rus.ru/files/calibration/2017/08/%E2%84%96%204769-17-M_UA-777%205170600001-5170602000.pdf;777;5170600001;5170602000
121;http://and-rus.ru/files/calibration/2017/08/%E2%84%96%204770-17-M_UA-777%205170519711-5170520000.pdf;777;5170519711;5170520000
122;http://and-rus.ru/files/calibration/2017/08/%E2%84%96%204771-17-M_UA-777%205170514681-5170519680.pdf;777;5170514681;5170519680
123;http://and-rus.ru/files/calibration/2017/08/%E2%84%96%204772-17-M_UA-777%205170513601-5170513960.pdf;777;5170513601;5170513960
124;http://and-rus.ru/files/calibration/2017/08/%E2%84%96%204773-17-M_UA-777%205170512881-5170513240.pdf;777;5170512881;5170513240
125;http://and-rus.ru/files/calibration/2017/08/%E2%84%96%204774-17-M_UA-777%205170511801-5170512520.pdf;777;5170511801;5170512520
126;http://and-rus.ru/files/calibration/2017/08/%E2%84%96%204775-17-M_UA-777%205170509661-5170510000.pdf;777;5170509661;5170510000
127;http://and-rus.ru/files/calibration/2017/08/%E2%84%96%204776-17-M%20UA-777%205170507251-5170509180.pdf;777;5170507251;5170509180
128;http://and-rus.ru/files/calibration/2017/08/%E2%84%96%205178-17-%D0%9C_UA-777%205170700001-5170719000.pdf;777;5170700001;5170719000
129;http://and-rus.ru/files/calibration/2017/10/%E2%84%96%206212-17-%D0%9C_UA-777_5170719001-5170727000.pdf;777;5170719001;5170727000
130;http://and-rus.ru/files/calibration/2017/10/%E2%84%96%206213-17-%D0%9C_UA-777_5170800001-5170821000.pdf;777;5170800001;5170821000
131;http://and-rus.ru/files/calibration/2017/12/%E2%84%96%207267-17-%D0%9C_UA-777%205170900001-5170912000.pdf;777;5170900001;5170912000
132;http://and-rus.ru/files/calibration/2017/12/%E2%84%96%207321-17-%D0%9C_UA-777%205170912001-5170916000.pdf;777;5170912001;5170916000
133;http://and-rus.ru/files/calibration/2017/12/%E2%84%96%208305-17-M%20UA-777%205171009001-5171011000.pdf;777;5171009001;5171011000
134;http://and-rus.ru/files/calibration/2017/12/%E2%84%96%208306-17-M%20UA-777%205171102001-5171104000.pdf;777;5171102001;5171104000
135;http://and-rus.ru/files/calibration/2017/12/%E2%84%96%208307-17-M%20UA-777%205171000001-5171009000.pdf;777;5171000001;5171009000
136;http://and-rus.ru/files/calibration/2017/12/%E2%84%96%208308-17-M%20UA-777%205171100001-5171102000.pdf;777;5171100001;5171102000
137;http://and-rus.ru/files/calibration/2018/02/%E2%84%96%20602-18-%D0%9C_UA-777_5171219001-5171220500.pdf;777;5171219001;5171220500
138;http://and-rus.ru/files/calibration/2018/02/%E2%84%96%20657-18-%D0%9C_UA-777_5171200001-5171210000.pdf;777;5171200001;5171210000
139;http://and-rus.ru/files/calibration/2018/02/%E2%84%96%20658-18-%D0%9C_UA-777_5171210001-5171219000.pdf;777;5171210001;5171219000
140;http://and-rus.ru/files/calibration/2017/12/%E2%84%96%207268-17-%D0%9C%20UA-779%205170400001-5170400200.pdf;779;5170400001;5170400200
141;http://and-rus.ru/files/calibration/2017/12/%E2%84%96%207314-17-%D0%9C%20UA-779%205170300001-5170300100.pdf;779;5170300001;5170300100
142;http://and-rus.ru/files/calibration/2017/03/UA-705%285161000001-5161002000%29.pdf;705;5161000001;5161002000
143;http://and-rus.ru/files/calibration/2017/03/UA-705%285161100001-5161101000%29.pdf;705;5161100001;5161101000
144;http://and-rus.ru/files/calibration/2017/03/%E2%84%96%201327-17-%D0%9C%20UA-705%205161200001-5161202000.pdf;705;5161200001;5161202000
145;http://and-rus.ru/files/calibration/2017/03/%E2%84%96%201440-17-M%20UA-705%205170100001-5170101000.pdf;705;5170100001;5170101000
146;http://and-rus.ru/files/calibration/2017/04/%E2%84%96%202034-17-M%20UA-705%205170200001-5170201000.pdf;705;5170200001;5170201000
147;http://and-rus.ru/files/calibration/2017/07/%E2%84%96%203914-17-M%20UA-705%205170500001-5170501500.pdf;705;5170500001;5170501500
148;http://and-rus.ru/files/calibration/2017/08/%E2%84%96%204767-17-M_UA-705%205170600001-5170600500.pdf;705;5170600001;5170600500
149;http://and-rus.ru/files/calibration/2017/08/%E2%84%96%205182-17-%D0%9C_UA-705%205170700001-5170702000.pdf;705;5170700001;5170702000
150;http://and-rus.ru/files/calibration/2017/10/%E2%84%96%206217-17-%D0%9C_UA-705_5170800001-5170801000.pdf;705;5170800001;5170801000
151;http://and-rus.ru/files/calibration/2017/12/%E2%84%96%207266-17-%D0%9C%20UA-705%205170900001-5170901000.pdf;705;5170900001;5170901000
152;http://and-rus.ru/files/calibration/2017/12/%E2%84%96%207316-17-%D0%9C%20UA-705%205171000001-5171001000.pdf;705;5171000001;5171001000
153;http://and-rus.ru/files/calibration/2017/12/%E2%84%96%207317-17-%D0%9C%20UA-705%205171001001-5171001500.pdf;705;5170900001;5170901000
154;http://and-rus.ru/files/calibration/2018/02/%E2%84%96%20654-18-%D0%9C_UA-705_5171200501-5171201000.pdf;705;5171200501;5171201000
155;http://and-rus.ru/files/calibration/2018/02/%E2%84%96%20655-18-%D0%9C_UA-705_5171200001-5171200500.pdf;705;5171200001;5171200500
156;http://and-rus.ru/files/calibration/2018/02/%E2%84%96%20656-18-%D0%9C_UA-705_5171100001-5171100500.pdf;705;5171100001;5171100500
157;http://and-rus.ru/files/calibration/2017/03/%E2%84%96%20706-17-%D0%9C_UA-604%205160900561-5160900800.pdf;604;5160900561;5160900800
158;http://and-rus.ru/files/calibration/2017/03/%E2%84%96%20707-17-%D0%9C_UA-604%205160901121-5160903920.pdf;604;5160901121;5160903920
159;http://and-rus.ru/files/calibration/2017/03/%E2%84%96%20708-17-%D0%9C_UA-604%205160905181-5160908540.pdf;604;5160905181;5160908540
160;http://and-rus.ru/files/calibration/2017/03/%E2%84%96%20709-17-%D0%9C_UA-604%205160909101-5160909660.pdf;604;5160909101;5160909660
161;http://and-rus.ru/files/calibration/2017/03/%E2%84%96%20710-17-%D0%9C_UA-604%205160911401-5160912100.pdf;604;911401;5160912100
162;http://and-rus.ru/files/calibration/2017/03/%E2%84%96%20711-17-%D0%9C_UA-604%205160910001-5160910700.pdf;604;5160910001;5160910700
163;http://and-rus.ru/files/calibration/2017/03/%E2%84%96%20712-17-%D0%9C_UA-604%205160914401-5160915800.pdf;604;5160914401;5160915800
164;http://and-rus.ru/files/calibration/2017/03/%E2%84%96%20713-17-%D0%9C_UA-604%205160920051-5160920610.pdf;604;5160920051;5160920610
165;http://and-rus.ru/files/calibration/2017/03/%E2%84%96%20714-17-%D0%9C_UA-604%205160921171-5160921730.pdf;604;5160921171;5160921730
166;http://and-rus.ru/files/calibration/2017/03/%E2%84%96%20715-17-%D0%9C_UA-604%205160900001-5160900560.pdf;604;5160900001;5160900560
167;http://and-rus.ru/files/calibration/2017/03/%E2%84%96%20716-17-%D0%9C_UA-604%205160922851-5160923970.pdf;604;5160922851;5160923970
168;http://and-rus.ru/files/calibration/2017/03/%E2%84%96%20717-17-%D0%9C_UA-604%205160903921-5160905180.pdf;604;5160903921;5160905180
169;http://and-rus.ru/files/calibration/2017/03/%E2%84%96%20718-17-%D0%9C_UA-604%205160908541-5160909100.pdf;604;5160908541;5160909100
170;http://and-rus.ru/files/calibration/2017/03/%E2%84%96%20719-17-%D0%9C_UA-604%205160909801-5160910000.pdf;604;5160909801;5160910000
171;http://and-rus.ru/files/calibration/2017/03/%E2%84%96%20720-17-%D0%9C_UA-604%205160910701-5160911400.pdf;604;5160910701;5160911400
172;http://and-rus.ru/files/calibration/2017/03/%E2%84%96%20721-17-%D0%9C_UA-604%205160912801-5160912970.pdf;604;5160912801;5160912970
173;http://and-rus.ru/files/calibration/2017/03/%E2%84%96%20722-17-%D0%9C_UA-604%205160913001-5160914400.pdf;604;5160913001;5160914400
174;http://and-rus.ru/files/calibration/2017/03/%E2%84%96%20723-17-%D0%9C_UA-604%205160915801-5160917320.pdf;604;5160915801;5160917320
175;http://and-rus.ru/files/calibration/2017/03/%E2%84%96%20724-17-%D0%9C_UA-604%205160918281-5160918840.pdf;604;5160918281;5160918840
176;http://and-rus.ru/files/calibration/2017/03/%E2%84%96%20725-17-%D0%9C_UA-604%205160919131-5160920050.pdf;604;5160919131;5160920050
177;http://and-rus.ru/files/calibration/2017/03/%E2%84%96%20726-17-%D0%9C_UA-604%205160920611-5160921170.pdf;604;5160920611;5160921170
178;http://and-rus.ru/files/calibration/2017/03/%E2%84%96%20727-17-%D0%9C_UA-604%205160922291-5160922850.pdf;604;5160922291;5160922850
179;http://and-rus.ru/files/calibration/2017/03/%E2%84%96%20728-17-%D0%9C_UA-604%205160923971-5160925000.pdf;604;5160923971;5160925000
180;http://and-rus.ru/files/calibration/2017/03/%E2%84%96%20729-17-%D0%9C_UA-604%205160900801-5160901120.pdf;604;5160900801;5160901120
181;http://and-rus.ru/files/calibration/2017/03/%E2%84%96%20730-17-%D0%9C_UA-604%205160909661-5160909800.pdf;604;5160909661;5160909800
182;http://and-rus.ru/files/calibration/2017/03/%E2%84%96%20731-17-%D0%9C_UA-604%205160912101-5160912800.pdf;604;5160912101;5160912800
183;http://and-rus.ru/files/calibration/2017/03/%E2%84%96%20732-17-%D0%9C_UA-604%205160912971-5160913000.pdf;604;5160912971;5160913000
184;http://and-rus.ru/files/calibration/2017/03/%E2%84%96%20733-17-%D0%9C_UA-604%205160917321-5160918280.pdf;604;5160917321;5160918280
185;http://and-rus.ru/files/calibration/2017/03/%E2%84%96%20734-17-%D0%9C_UA-604%205160918841-5160919130.pdf;604;5160918841;5160919130
186;http://and-rus.ru/files/calibration/2017/03/%E2%84%96%20735-17-%D0%9C_UA-604%205160921731-5160922290.pdf;604;5160921731;5160922290
187;http://and-rus.ru/files/calibration/2017/03/%E2%84%96%201439-17-M%20UA-604%205161200001-5161201000.pdf;604;5161200001;5161201000
188;http://and-rus.ru/files/calibration/2017/03/%E2%84%96%201588-17-M%20UA-604%205170110161-5170111280.pdf;604;5170110161;5170111280
189;http://and-rus.ru/files/calibration/2017/03/%E2%84%96%201589-17-M%20UA-604%205170107001-5170107560.pdf;604;5170107001;5170107560
190;http://and-rus.ru/files/calibration/2017/03/%E2%84%96%201590-17-M%20UA-604%205170101681-5170103920.pdf;604;5170101681;5170103920
191;http://and-rus.ru/files/calibration/2017/03/%E2%84%96%201591-17-M%20UA-604%205170101121-5170101640.pdf;604;5170101121;5170101640
192;http://and-rus.ru/files/calibration/2017/03/%E2%84%96%201592-17-M%20UA-604%205170100001-5170100560.pdf;604;5170100001;5170100560
193;http://and-rus.ru/files/calibration/2017/04/%E2%84%96%202025-17-M%20UA-604%205170211621-5170214000.pdf;604;5170211621;5170214000
194;http://and-rus.ru/files/calibration/2017/04/%E2%84%96%202026-17-M%20UA-604%205170200001-5170211250.pdf;604;5170200001;5170211250
195;http://and-rus.ru/files/calibration/2017/04/%E2%84%96%202027-17-M%20UA-604%205170111281-5170115000.pdf;604;5170111281;5170115000
196;http://and-rus.ru/files/calibration/2017/04/%E2%84%96%202028-17-M%20UA-604%205170107561-5170110160.pdf;604;5170107561;5170110160
197;http://and-rus.ru/files/calibration/2017/04/%E2%84%96%202029-17-M%20UA-604%205170103921-5170107000.pdf;604;5170103921;5170107000
198;http://and-rus.ru/files/calibration/2017/04/%E2%84%96%202030-17-M%20UA-604%205170101641-5170101680.pdf;604;5170101641;5170101680
199;http://and-rus.ru/files/calibration/2017/04/%E2%84%96%202031-17-M%20UA-604%205170100561-5170101120.pdf;604;5170100561;5170101120
200;http://and-rus.ru/files/calibration/2017/04/%E2%84%96%202032-17-M%20UA-604%205170300001-5170307340.pdf;604;5170300001;5170307340
201;http://and-rus.ru/files/calibration/2017/07/%E2%84%96%203910-17-M%20UA-604%205170307341-5170316000.pdf;604;5170307341;5170316000
202;http://and-rus.ru/files/calibration/2017/07/%E2%84%96%203911-17-M%20UA-604%205170400001-5170410000.pdf;604;5170400001;5170410000
203;http://and-rus.ru/files/calibration/2017/08/%E2%84%96%204764-17-M_UA-604%205170600001-5170610950.pdf;604;5170600001;5170610950
204;http://and-rus.ru/files/calibration/2017/08/%E2%84%96%205183-17-%D0%9C_UA-604%205170700001-5170713000.pdf;604;5170700001;5170713000
205;http://and-rus.ru/files/calibration/2017/10/%E2%84%96%206397-17-M_UA-604_5170610951-5170611000.pdf;604;5170610951;5170611000
206;http://and-rus.ru/files/calibration/2017/10/%E2%84%96%206398-17-M_UA-604_5170713001-5170726000.pdf;604;5170713001;5170726000
207;http://and-rus.ru/files/calibration/2017/12/%E2%84%96%207264-17-%D0%9C%20UA-604%205170800001-5170806000.pdf;604;5170800001;5170806000
208;http://and-rus.ru/files/calibration/2017/12/%E2%84%96%207265-17-%D0%9C%20UA-604%205170900001-5170915000.pdf;604;5170900001;5170915000
209;http://and-rus.ru/files/calibration/2017/12/%E2%84%96%207313-17-%D0%9C%20UA-604%205171000001-5171014000.pdf;604;5171000001;5171014000
210;http://and-rus.ru/files/calibration/2018/02/%E2%84%96%20597-18-%D0%9C_UA-604_5171200001-5171203900.pdf;604;5171200001;5171203900
211;http://and-rus.ru/files/calibration/2018/02/%E2%84%96%20598-18-%D0%9C_UA-604_5171100001-5171110000.pdf;604;5171100001;5171110000
212;http://and-rus.ru/files/calibration/2017/03/%E2%84%96%20877-17-%D0%9C%20UA-1100%205161000001-5161001000.pdf;1100;5161000001;5161001000
213;http://and-rus.ru/files/calibration/2017/03/%E2%84%96%20878-17-%D0%9C%20UA-1100%205161100001-5161103000.pdf;1100;5161100001;5161103000
214;http://and-rus.ru/files/calibration/2017/03/%E2%84%961325-17-%D0%9C%20UA-1100%205161200001-5161201500.pdf;1100;5161200001;5161201500
215;http://and-rus.ru/files/calibration/2017/03/%E2%84%96%201446-17-M%20UA-1100%205170100441-5170102080.pdf;1100;5170100441;5170102080
216;http://and-rus.ru/files/calibration/2017/03/%E2%84%96%201447-17-M%20UA-1100%205170100001-5170100360.pdf;1100;5170100001;5170100360
217;http://and-rus.ru/files/calibration/2017/03/%E2%84%96%201593-17-M%20UA-1100%205170100361-5170100440.pdf;1100;5170100361;5170100440
218;http://and-rus.ru/files/calibration/2017/03/%E2%84%96%201594-17-M%20UA-1100%205170102081-5170105500.pdf;1100;5170102081;5170105500
219;http://and-rus.ru/files/calibration/2017/04/%E2%84%96%202045-17-M%20UA-1100%205170200001-5170201000.pdf;1100;5170200001;5170201000
220;http://and-rus.ru/files/calibration/2017/07/%E2%84%96%203925-17-M%20UA-1100%205170500001-5170505000.pdf;1100;5170500001;5170505000
221;http://and-rus.ru/files/calibration/2017/08/%E2%84%96%204796-17-M_UA-1100%205170600001-5170603000.pdf;1100;5170600001;5170603000
222;http://and-rus.ru/files/calibration/2017/08/%E2%84%96%205179-17-%D0%9C_UA-1100%205170700001-5170705000.pdf;1100;5170700001;5170705000
223;http://and-rus.ru/files/calibration/2017/10/%E2%84%96%206214-17-%D0%9C_UA-1100_5170800001-5170802000.pdf;1100;5170800001;5170802000
224;http://and-rus.ru/files/calibration/2017/12/%E2%84%96%207269-17-%D0%9C%20UA-1100%205170900001-5170901000.pdf;1100;5170900001;5170901000
225;http://and-rus.ru/files/calibration/2017/03/%E2%84%96%201328-17-%D0%9C%20UA-1200%205161100001-5161100500.pdf;1200;5161100001;5161100500
226;http://and-rus.ru/files/calibration/2017/03/%E2%84%96%201445-17-M%20UA-1200%205170100001-5170100500.pdf;1200;5170100001;5170100500
227;http://and-rus.ru/files/calibration/2017/04/%E2%84%96%202046-17-M%20UA-1200%205170200001-5170200500.pdf;1200;5170200001;5170200500
228;http://and-rus.ru/files/calibration/2017/07/%E2%84%96%203926-17-%D0%9C%20UA-1200%205170400001-5170401000.pdf;1200;5170400001;5170401000
229;http://and-rus.ru/files/calibration/2017/07/%E2%84%96%203927-17-%D0%9C%20UA-1200%205170500001-5170500500.pdf;1200;5170500001;5170500500
230;http://and-rus.ru/files/calibration/2017/08/%E2%84%96%205180-17-%D0%9C_UA-1200%205170700001-5170701000.pdf;1200;5170700001;5170701000
231;http://and-rus.ru/files/calibration/2017/10/%E2%84%96%206215-17-%D0%9C_UA-1200_5170800001-5170800500.pdf;1200;5170800001;5170800500
232;http://and-rus.ru/files/calibration/2017/12/%E2%84%96%207270-17-%D0%9C%20UA-1200%205170900001-5170900500.pdf;1200;5170900001;5170900500
233;http://and-rus.ru/files/calibration/2017/12/%E2%84%96%207315-17-M%20UA-1200%205171000001-5171000500.pdf;1200;5171000001;5171000500
234;http://and-rus.ru/files/calibration/2017/12/%E2%84%96%208309-17-M%20UA-1200%205171100001-5171100500.pdf;1200;5171100001;5171100500
235;http://and-rus.ru/files/calibration/2018/02/%E2%84%96%20601-18-%D0%9C_UA-1200_5171200001-5171201000.pdf;1200;5171200001;5171201000
236;http://and-rus.ru/files/calibration/2017/03/%E2%84%96%201323-17-%D0%9C%20UA-1300%205161000001-5161001000.pdf;1300;5161000001;5161001000
237;http://and-rus.ru/files/calibration/2017/03/%E2%84%96%201324-17-%D0%9C%20UA-1300%205160900601-5160901000.pdf;1300;5160900601;5160901000
238;http://and-rus.ru/files/calibration/2017/03/%E2%84%96%201444-17-M%20UA-1300%205161100001-5161100420.pdf;1300;5161100001;5161100420
239;http://and-rus.ru/files/calibration/2017/04/%E2%84%96%202047-17-M%20UA-1300%205161100421-5161100500.pdf;1300;5161100421;5161100500
240;http://and-rus.ru/files/calibration/2017/08/%E2%84%96%205181-17-%D0%9C_UA-1300%205170300001-5170300500.pdf;1300;5170300001;5170300500
241;http://and-rus.ru/files/calibration/2017/10/%E2%84%96%206218-17-%D0%9C_UA-1300_5170400001-5170400500.pdf;1300;5170400001;5170400500
242;http://and-rus.ru/files/calibration/2017/12/%E2%84%96%207271-17-%D0%9C%20UA-1300%205170500001-5170501500.pdf;1300;5170500001;5170501500
243;http://and-rus.ru/files/calibration/2017/12/%E2%84%96%207272-17-%D0%9C%20UA-1300%205170800001-5170801000.pdf;1300;5170800001;5170801000
244;http://and-rus.ru/files/calibration/2018/02/%E2%84%96%20600-18-%D0%9C_UA-1300_5171200001-5171200500.pdf;1300;5171200001;5171200500
245;http://and-rus.ru/files/calibration/2017/02/UA-670%285141206211-5141206250%29.pdf;670;5141206211;5141206250
246;http://and-rus.ru/files/calibration/2017/02/UA-670%285141206731-5141207210%29.pdf;670;5141206731;5141207210
247;http://and-rus.ru/files/calibration/2017/02/UA-670%285141204481-5141204960%29.pdf;670;5141204481;5141204960
248;http://and-rus.ru/files/calibration/2017/03/UA-670%285141204001-5141204480%29.pdf;670;5141204001;5141204480
249;http://and-rus.ru/files/calibration/2017/03/UA-670%285141207691-5141207920%29.pdf;670;5141207691;5141207920
250;http://and-rus.ru/files/calibration/2017/03/UA-670%285141205921-5141206210%29.pdf;670;5141205921;5141206210
251;http://and-rus.ru/files/calibration/2017/07/%E2%84%96%204035-17-%D0%9C%20A%26D%20UA-911BT%205170200001-5170200500.pdf;Свидетельство № 4035/17-М о поверке тонометра A&D UA-911BT(серийные номера 5170200001-5170200500);5170200001;5170200500
252;http://and-rus.ru/files/calibration/2017/07/%E2%84%96%204036-17-%D0%9C%20A%26D%20UA-911BT%205170100001-5170100500.pdf;Свидетельство № 4036/17-М о поверке тонометра A&D UA-911BT(серийные номера 5170100001-5170100500);5170100001;5170100500
253;http://and-rus.ru/files/calibration/2017/07/%E2%84%96%204339-17-%D0%9C%20A%26D%20UA-911BT%205170500001-5170503000.pdf;Свидетельство № 4339/17-М о поверке тонометра A&D UA-911BT(серийные номера 5170500001-5170503000);5170500001;5170503000
254;http://and-rus.ru/files/calibration/2017/12/%E2%84%96%208060-17-%D0%9C%20A%26D%20UA-911BT%205170900001-5170901000.pdf;Свидетельство № 8060/17-М о поверке тонометра A&D UA-911BT(серийные номера 5170900001-5170901000);5170900001;5170901000
255;http://and-rus.ru/files/calibration/2017/12/%E2%84%96%208102-17-%D0%9C%20A%26D%20UA-911BT%205171000001-5171003000.pdf;Свидетельство № 8102/17-М о поверке тонометра A&D UA-911BT(серийные номера 5171000001-5171003000);5171000001;5171003000
256;http://and-rus.ru/files/calibration/2017/03/%E2%84%96%20879-17-%D0%9C%20UB-202%205161100001-5161104000.pdf;202;5161100001;5161104000
257;http://and-rus.ru/files/calibration/2017/03/%E2%84%96%201329-17-%D0%9C%20UB-202%205161104001-5161113000.pdf;202;5161104001;5161113000
258;http://and-rus.ru/files/calibration/2017/03/%E2%84%96%201330-17-%D0%9C%20UB-202%205161200001-5161202000.pdf;202;5161200001;5161202000
259;http://and-rus.ru/files/calibration/2017/03/%E2%84%96%201437-17-M%20UB-202%205161209171-5161213980.pdf;202;5161209171;5161213980
260;http://and-rus.ru/files/calibration/2017/03/%E2%84%96%201438-17-M%20UB-202%205161202001-5161209160.pdf;202;5161202001;5161209160
261;http://and-rus.ru/files/calibration/2017/04/%E2%84%96%202021-17-M%20UB-202%205170100001-5170103000.pdf;202;5170100001;5170103000
262;http://and-rus.ru/files/calibration/2017/04/%E2%84%96%202022-17-M%20UB-202%205161213981-5161214000.pdf;202;5161213981;5161214000
263;http://and-rus.ru/files/calibration/2017/04/%E2%84%96%202022-17-M%20UB-202%205170200001-5170205000.pdf;202;5170200001;5170205000
264;http://and-rus.ru/files/calibration/2017/04/%E2%84%96%202023-17-M%20UB-202%205161209161-5161209170.pdf;202;5161209161;5161209170
265;http://and-rus.ru/files/calibration/2017/07/%E2%84%96%204130-17-M%20UB-202%205170400001-5170403000.pdf;202;5170400001;5170403000
266;http://and-rus.ru/files/calibration/2017/07/%E2%84%96%204131-17-M%20UB-202%205170500001-5170501000.pdf;202;5170500001;5170501000
267;http://and-rus.ru/files/calibration/2017/07/%E2%84%96%204132-17-M%20UB-202%205170501801-5170502200.pdf;202;5170501801;5170502200
268;http://and-rus.ru/files/calibration/2017/07/%E2%84%96%204133-17-M%20UB-202%205170502421-5170508020.pdf;202;5170502421;5170508020
269;http://and-rus.ru/files/calibration/2017/08/%E2%84%96%204757-17-M_UB-202_5170502201-5170502420.pdf;202;5170502201;5170502420
270;http://and-rus.ru/files/calibration/2017/08/%E2%84%96%204758-17-M_UB-202_5170508021-5170509000.pdf;202;5170508021;5170509000
271;http://and-rus.ru/files/calibration/2017/08/%E2%84%96%204759-17-M_UB-202_5170600001-5170601760.pdf;202;5170600001;5170601760
272;http://and-rus.ru/files/calibration/2017/08/%E2%84%96%204760-17-M_UB-202_5170602021-5170602380.pdf;202;5170602021;5170602380
273;http://and-rus.ru/files/calibration/2017/08/%E2%84%96%204761-17-M_UB-202_5170603741-5170605220.pdf;202;5170603741;5170605220
274;http://and-rus.ru/files/calibration/2017/08/%E2%84%96%204762-17-M_UB-202_5170502201-5170502420.pdf;202;5170605561;5170606120
275;http://and-rus.ru/files/calibration/2017/08/%E2%84%96%205225-17-%D0%9C_UB-202%205170501001-5170501800.pdf;202;5170501001;5170501800
276;http://and-rus.ru/files/calibration/2017/08/%E2%84%96%205226-17-%D0%9C_UB-202%205170601761-5170602020.pdf;202;5170601761;5170602020
277;http://and-rus.ru/files/calibration/2017/08/%E2%84%96%205227-17-%D0%9C_UB-202%205170602381-5170603740.pdf;202;5170602381;5170603740
278;http://and-rus.ru/files/calibration/2017/08/%E2%84%96%205228-17-%D0%9C_UB-202%205170605221-5170605560.pdf;202;5170605221;5170605560
279;http://and-rus.ru/files/calibration/2017/08/%E2%84%96%205229-17-%D0%9C_UB-202%205170606121-5170607000.pdf;202;5170606121;5170607000
280;http://and-rus.ru/files/calibration/2017/09/%E2%84%96%205230-17-%D0%9C_UB-202%205170700001-5170720320.pdf;202;5170700001;5170720320
281;http://and-rus.ru/files/calibration/2017/10/%E2%84%96%206399-17-M_UB-202_5170720321-5170723000.pdf;202;5170720321;5170723000
282;http://and-rus.ru/files/calibration/2017/10/%E2%84%96%206400-17-M_UB-202_5170802001-5170806000.pdf;202;5170802001;5170806000
283;http://and-rus.ru/files/calibration/2017/10/%E2%84%96%206401-17-M_UB-202_5170807501-5170808500.pdf;202;5170807501;5170808500
284;http://and-rus.ru/files/calibration/2017/10/%E2%84%96%206402-17-M_UB-202_5170809201-5170810200.pdf;202;5170809201;5170810200
285;http://and-rus.ru/files/calibration/2017/12/%E2%84%96%207259-17-%D0%9C%20UB-202%205170800001-5170802000.pdf;202;5170800001;5170802000
286;http://and-rus.ru/files/calibration/2017/12/%E2%84%96%207260-17-%D0%9C%20UB-202%205170810201-5170811000.pdf;202;5170810201;5170811000
287;http://and-rus.ru/files/calibration/2017/12/%E2%84%96%207261-17-%D0%9C%20UB-202%205170808501-5170809200.pdf;202;5170808501;5170809200
288;http://and-rus.ru/files/calibration/2017/12/%E2%84%96%207262-17-%D0%9C%20UB-202%205170900001-5170901000.pdf;202;5170900001;5170901000
289;http://and-rus.ru/files/calibration/2017/12/%E2%84%96%207507-17-%D0%9C%20UB-202%205171000001-5171008000.pdf;202;5171000001;5171008000
290;http://and-rus.ru/files/calibration/2017/12/%E2%84%96%208206-17-M%20UB-202%205171200001-5171204000.pdf;202;5171200001;5171204000
291;http://and-rus.ru/files/calibration/2017/12/%E2%84%96%208207-17-M%20UB-202%205171100001-5171112000.pdf;202;5171100001;5171112000
292;http://and-rus.ru/files/calibration/2018/02/%E2%84%96%20500-18-%D0%9C_UB-202_5171204001-5171207700.pdf;202;5171204001;5171207700
293;http://and-rus.ru/files/calibration/2018/02/%E2%84%96%20501-18-%D0%9C_UB-202_5171208401-5171213800.pdf;202;5171208401;5171213800
294;http://and-rus.ru/files/calibration/2018/02/%E2%84%96%20512-18-%D0%9C_UB-202_5171214801-5171216800.pdf;202;5171214801;5171216800
295;http://and-rus.ru/files/calibration/2018/02/%E2%84%96%20513-18-%D0%9C_UB-202_5171217001-5171218000.pdf;202;5171217001;5171218000
296;http://and-rus.ru/files/calibration/2017/03/%E2%84%96%201067-17-%D0%9C%20UA-888%2051610000021-51610001460.pdf;888;51610000021;51610001460
297;http://and-rus.ru/files/calibration/2017/03/%E2%84%96%201068-17-%D0%9C%20UA-888%205161033731-5161034690.pdf;888;5161033731;5161034690
298;http://and-rus.ru/files/calibration/2017/03/%E2%84%96%201069-17-%D0%9C%20UA-888%205161030641-5161033480.pdf;888;5161030641;5161033480
299;http://and-rus.ru/files/calibration/2017/03/%E2%84%96%201070-17-%D0%9C%20UA-888%205161030561-5161030580.pdf;888;5161030561;5161030580
300;http://and-rus.ru/files/calibration/2017/03/%E2%84%96%201071-17-%D0%9C%20UA-888%205161029281-5161030340.pdf;888;5161029281;5161030340
301;http://and-rus.ru/files/calibration/2017/03/%E2%84%96%201072-17-%D0%9C%20UA-888%205161027641-5161029240.pdf;888;5161027641;5161029240
302;http://and-rus.ru/files/calibration/2017/03/%E2%84%96%201073-17-%D0%9C%20UA-888%205161026601-5161027560.pdf;888;5161026601;5161027560
303;http://and-rus.ru/files/calibration/2017/03/%E2%84%96%201074-17-%D0%9C%20UA-888%205161024001-5161025440.pdf;888;5161024001;5161025440
304;http://and-rus.ru/files/calibration/2017/03/%E2%84%96%201075-17-%D0%9C%20UA-888%205161023921-5161023980.pdf;888;5161023921;5161023980
305;http://and-rus.ru/files/calibration/2017/03/%E2%84%96%201076-17-%D0%9C%20UA-888%205161000001-5161023000.pdf;888;5161000001;5161023000
306;http://and-rus.ru/files/calibration/2017/03/%E2%84%96%201077-17-%D0%9C%20UA-888%205160940661-5160941660.pdf;888;5160940661;5160941660
307;http://and-rus.ru/files/calibration/2017/03/%E2%84%96%201078-17-%D0%9C%20UA-888%205160937301-5160937780.pdf;888;5160937301;5160937780
308;http://and-rus.ru/files/calibration/2017/03/%E2%84%96%201079-17-%D0%9C%20UA-888%205160933061-5160933300.pdf;888;5160933061;5160933300
309;http://and-rus.ru/files/calibration/2017/03/%E2%84%96%201080-17-%D0%9C%20UA-888%205160931361-5160932320.pdf;888;5160931361;5160932320
310;http://and-rus.ru/files/calibration/2017/03/%E2%84%96%201081-17-%D0%9C%20UA-888%205160927761-5160928960.pdf;888;5160927761;5160928960
311;http://and-rus.ru/files/calibration/2017/03/%E2%84%96%201082-17-%D0%9C%20UA-888%205160926321-5160926800.pdf;888;5160926321;5160926800
312;http://and-rus.ru/files/calibration/2017/03/%E2%84%96%201083-17-%D0%9C%20UA-888%205160900001-5160926000.pdf;888;5160900001;5160926000
313;http://and-rus.ru/files/calibration/2017/03/%E2%84%96%201084-17-%D0%9C%20UA-888%205160800001-5160803000.pdf;888;5160800001;5160803000
314;http://and-rus.ru/files/calibration/2017/03/%E2%84%96%201340-17-%D0%9C%20UA-888%205161023981-5161024000.pdf;888;5161023981;5161024000
315;http://and-rus.ru/files/calibration/2017/03/%E2%84%96%201341-17-%D0%9C%20UA-888%205161025441-5161026600.pdf;888;5161025441;5161026600
316;http://and-rus.ru/files/calibration/2017/03/%E2%84%96%201342%20-17-%D0%9C%20UA-888%205161027561-5161027640.pdf;888;5161027561;5161027640
317;http://and-rus.ru/files/calibration/2017/03/%E2%84%96%201343-17-%D0%9C%20UA-888%205161029241-5161029280.pdf;888;5161029241;5161029280
318;http://and-rus.ru/files/calibration/2017/03/%E2%84%96%201344-17-%D0%9C%20UA-888%205161030341-5161030560.pdf;888;5161030341;5161030560
319;http://and-rus.ru/files/calibration/2017/03/%E2%84%96%201345-17-%D0%9C%20UA-888%205161030581-5161030640.pdf;888;5161030581;5161030640
320;http://and-rus.ru/files/calibration/2017/03/%E2%84%96%201346-17-%D0%9C%20UA-888%205161033481-5161033730.pdf;888;5161033481;5161033730
321;http://and-rus.ru/files/calibration/2017/03/%E2%84%96%201347-17-%D0%9C%20UA-888%205161034691-5161036000.pdf;888;5161034691;5161036000
322;http://and-rus.ru/files/calibration/2017/03/%E2%84%96%201348-17-%D0%9C%20UA-888%205161100001-5161123000.pdf;888;5161100001;5161123000
323;http://and-rus.ru/files/calibration/2017/03/%E2%84%96%201349-17-%D0%9C%20UA-888%205161200001-5161200480.pdf;888;5161200001;5161200480
324;http://and-rus.ru/files/calibration/2017/03/%E2%84%96%201350-17-%D0%9C%20UA-888%205161200961-5161202880.pdf;888;5161200961;5161202880
325;http://and-rus.ru/files/calibration/2017/03/%E2%84%96%201351-17-%D0%9C%20UA-888%205161203361-5161204460.pdf;888;5161203361;5161204460
326;http://and-rus.ru/files/calibration/2017/03/%E2%84%96%201352-17-%D0%9C%20UA-888%205161204801-5161206380.pdf;888;5161204801;5161206380
327;http://and-rus.ru/files/calibration/2017/03/%E2%84%96%201353-17-%D0%9C%20UA-888%205161207181-5161207190.pdf;888;5161207181;5161207190
328;http://and-rus.ru/files/calibration/2017/03/%E2%84%96%201354-17-%D0%9C%20UA-888%205161207241-5161207280.pdf;888;5161207241;5161207280
329;http://and-rus.ru/files/calibration/2017/03/%E2%84%96%201355-17-%D0%9C%20UA-888%205161207291-5161207610.pdf;888;5161207291;5161207610
330;http://and-rus.ru/files/calibration/2017/03/%E2%84%96%201356-17-%D0%9C%20UA-888%205161207981-5161209530.pdf;888;5161207981;5161209530
331;http://and-rus.ru/files/calibration/2017/03/%E2%84%96%201357-17-%D0%9C%20UA-888%205161210971-5161211190.pdf;888;5161210971;5161211190
332;http://and-rus.ru/files/calibration/2017/03/%E2%84%96%201358-17-%D0%9C%20UA-888%205161211671-5161215030.pdf;888;5161211671;5161215030
333;http://and-rus.ru/files/calibration/2017/03/%E2%84%96%201359-17-%D0%9C%20UA-888%205161215491-5161215970.pdf;888;5161215491;5161215970
334;http://and-rus.ru/files/calibration/2017/03/%E2%84%96%201360-17-%D0%9C%20UA-888%205161216481-5161217920.pdf;888;5161216481;5161217920
335;http://and-rus.ru/files/calibration/2017/03/%E2%84%96%201361-17-%D0%9C%20UA-888%205161218481-5161219730.pdf;888;5161218481;5161219730
336;http://and-rus.ru/files/calibration/2017/03/%E2%84%96%201362-17-%D0%9C%20UA-888%205161220211-5161224960.pdf;888;5161220211;5161224960
337;http://and-rus.ru/files/calibration/2017/03/%E2%84%96%201363-17-%D0%9C%20UA-888%205161225441-5161226980.pdf;888;5161225441;5161226980
338;http://and-rus.ru/files/calibration/2017/03/%E2%84%96%201364-17-%D0%9C%20UA-888%205161227941-5161230800.pdf;888;5161227941;5161230800
339;http://and-rus.ru/files/calibration/2017/03/%E2%84%96%201365-17-%D0%9C%20UA-888%205161233351-5161234740.pdf;888;5161233351;5161234740
340;http://and-rus.ru/files/calibration/2017/03/%E2%84%96%201366-17-%D0%9C%20UA-888%205161234791-5161235750.pdf;888;5161234791;5161235750
341;http://and-rus.ru/files/calibration/2017/03/%E2%84%96%201367-17-%D0%9C%20UA-888%205161235841-5161235850.pdf;888;5161235841;5161235850
342;http://and-rus.ru/files/calibration/2017/03/%E2%84%96%201368-17-%D0%9C%20UA-888%205161235871-5161236000.pdf;888;5161235871;5161236000
343;http://and-rus.ru/files/calibration/2017/03/%E2%84%96%201373-17-%D0%9C%20UA-888%205161212781-5161213260.pdf;888;5161212781;5161213260
344;http://and-rus.ru/files/calibration/2017/03/%E2%84%96%201374-17-%D0%9C%20UA-888%205161226981-5161227940.pdf;888;5161226981;5161227940
345;http://and-rus.ru/files/calibration/2017/03/%E2%84%96%201375-17-%D0%9C%20UA-888%205161230801-5161233350.pdf;888;5161230801;5161233350
346;http://and-rus.ru/files/calibration/2017/03/%E2%84%96%201376-17-%D0%9C%20UA-888%205161234741-5161234790.pdf;888;5161234741;5161234790
347;http://and-rus.ru/files/calibration/2017/03/%E2%84%96%201377-17-%D0%9C%20UA-888%205161235751-5161235840.pdf;888;5161235751;5161235840
348;http://and-rus.ru/files/calibration/2017/03/%E2%84%96%201378-17-%D0%9C%20UA-888%205161235851-5161235870.pdf;888;5161235851;5161235870
349;http://and-rus.ru/files/calibration/2017/03/%E2%84%96%201379-17-%D0%9C%20UA-888%205170100001-5170101440.pdf;888;5170100001;5170101440
350;http://and-rus.ru/files/calibration/2017/03/%E2%84%96%201380-17-%D0%9C%20UA-888%205170101721-5170101920.pdf;888;5170101721;5170101920
351;http://and-rus.ru/files/calibration/2017/03/%E2%84%96%201381-17-%D0%9C%20UA-888%205170102041-5170103360.pdf;888;5170102041;5170103360
352;http://and-rus.ru/files/calibration/2017/03/%E2%84%96%201382-17-%D0%9C%20UA-888%205170103701-5170108810.pdf;888;5170103701;5170108810
353;http://and-rus.ru/files/calibration/2017/04/%E2%84%96%201383-17-M%20UA-888%205170108871-5170108880.pdf;888;5170108871;5170108880
354;http://and-rus.ru/files/calibration/2017/04/%E2%84%96%201384-17-%D0%9C%20UA-888%205170108941-5170115930.pdf;888;5170108941;5170115930
355;http://and-rus.ru/files/calibration/2017/04/%E2%84%96%201385-17-%D0%9C%20UA-888%205170115991-5170119440.pdf;888;5170115991;5170119440
356;http://and-rus.ru/files/calibration/2017/04/%E2%84%96%201386-17-%D0%9C%20UA-888%205170120201-5170120910.pdf;888;5170120201;5170120910
357;http://and-rus.ru/files/calibration/2017/04/%E2%84%96%201387-17-%D0%9C%20UA-888%205170121311-5170123720.pdf;888;5170121311;5170123720
358;http://and-rus.ru/files/calibration/2017/04/%E2%84%96%201388-17-%D0%9C%20UA-888%205170124121-5170126590.pdf;888;5170124121;5170126590
359;http://and-rus.ru/files/calibration/2017/04/%E2%84%96%201389-17-%D0%9C%20UA-888%205170127001-5170133540.pdf;888;5170127001;5170133540
360;http://and-rus.ru/files/calibration/2017/04/%E2%84%96%201390-17-%D0%9C%20UA-888%205170133821-5170145000.pdf;888;5170133821;5170145000
361;http://and-rus.ru/files/calibration/2017/04/%E2%84%96%201814-17-M%20UA-888%205170123721-5170124120.pdf;888;5170123721;5170124120
362;http://and-rus.ru/files/calibration/2017/04/%E2%84%96%201815-17-M%20UA-888%205170126591-5170127000.pdf;888;5170126591;5170127000
363;http://and-rus.ru/files/calibration/2017/04/%E2%84%96%201816-17-M%20UA-888%205170133541-5170133820.pdf;888;5170133541;5170133820
364;http://and-rus.ru/files/calibration/2017/04/%E2%84%96%201817-17-M%20UA-888%205170145011-5170145380.pdf;888;5170145011;5170145380
365;http://and-rus.ru/files/calibration/2017/04/%E2%84%96%201818-17-M%20UA-888%205170146821-5170147580.pdf;888;5170146821;5170147580
366;http://and-rus.ru/files/calibration/2017/04/%E2%84%96%201819-17-M%20UA-888%205170152401-5170154800.pdf;888;5170152401;5170154800
367;http://and-rus.ru/files/calibration/2017/04/%E2%84%96%201820-17-M%20UA-888%205170155001-5170156140.pdf;888;5170155001;5170156140
368;http://and-rus.ru/files/calibration/2017/04/%E2%84%96%201821-17-M%20UA-888%205170157601-5170160000.pdf;888;5170157601;5170160000
369;http://and-rus.ru/files/calibration/2017/04/%E2%84%96%201822-17-M%20UA-888%205170161151-5170162350.pdf;888;5170161151;5170162350
370;http://and-rus.ru/files/calibration/2017/04/%E2%84%96%201823-17-M%20UA-888%205170164201-5170164920.pdf;888;5170164201;5170164920
371;http://and-rus.ru/files/calibration/2017/04/%E2%84%96%201824-17-M%20UA-888%205170165001-5170169450.pdf;888;5170165001;5170169450
372;http://and-rus.ru/files/calibration/2017/04/%E2%84%96%201825-17-M%20UA-888%205170171951-5170173410.pdf;888;5170171951;5170173410
373;http://and-rus.ru/files/calibration/2017/04/%E2%84%96%201826-17-M%20UA-888%205170174231-5170174330.pdf;888;5170174231;5170174330
374;http://and-rus.ru/files/calibration/2017/04/%E2%84%96%201930-17-M%20UA-888%205161023001-5161023920.pdf;888;5161023001;5161023920
375;http://and-rus.ru/files/calibration/2017/04/%E2%84%96%202038-17-M%20UA-888%205170300001-5170316000.pdf;888;5170300001;5170316000
376;http://and-rus.ru/files/calibration/2017/04/%E2%84%96%202039-17-M%20UA-888%205170410001-5170414710.pdf;888;5170410001;5170414710
377;http://and-rus.ru/files/calibration/2017/04/%E2%84%96%202040-17-M%20UA-888%205170414721-5170414770.pdf;888;5170414721;5170414770
378;http://and-rus.ru/files/calibration/2017/04/%E2%84%96%202041-17-M%20UA-888%205170415101-5170415330.pdf;888;5170415101;5170415330
379;http://and-rus.ru/files/calibration/2017/04/%E2%84%96%202042-17-M%20UA-888%205170416001-5170417430.pdf;888;5170416001;5170417430
380;http://and-rus.ru/files/calibration/2017/04/%E2%84%96%202043-17-M%20UA-888%205170417911-5170421010.pdf;888;5170417911;5170421010
381;http://and-rus.ru/files/calibration/2017/04/%E2%84%96%202044-17-M%20UA-888%205170421491-5170421970.pdf;888;5170421491;5170421970
382;http://and-rus.ru/files/calibration/2017/04/%E2%84%96%202155-17-M%20UA-888%205170108811-5170108870.pdf;888;5170108811;5170108870
383;http://and-rus.ru/files/calibration/2017/04/%E2%84%96%202156-17-M%20UA-888%205170108881-5170108940.pdf;888;5170108881;5170108940
384;http://and-rus.ru/files/calibration/2017/04/%E2%84%96%202157-17-M%20UA-888%205170119561-5170120000.pdf;888;5170119561;5170120000
385;http://and-rus.ru/files/calibration/2017/04/%E2%84%96%202158-17-M%20UA-888%205170115931-5170115990.pdf;888;5170115931;5170115990
386;http://and-rus.ru/files/calibration/2017/04/%E2%84%96%202159-17-M%20UA-888%205170120911-5170121310.pdf;888;5170120911;5170121310
387;http://and-rus.ru/files/calibration/2017/04/%E2%84%96%202160-17-M%20UA-888%205170144141-5170144620.pdf;888;5170144141;5170144620
388;http://and-rus.ru/files/calibration/2017/04/%E2%84%96%202161-17-M%20UA-888%205170145004-5170145010.pdf;888;5170145004;5170145010
389;http://and-rus.ru/files/calibration/2017/04/%E2%84%96%202162-17-M%20UA-888%205170145381-5170146820.pdf;888;5170145381;5170146820
390;http://and-rus.ru/files/calibration/2017/04/%E2%84%96%202163-17-M%20UA-888%205170147581-5170152400.pdf;888;5170147581;5170152400
391;http://and-rus.ru/files/calibration/2017/04/%E2%84%96%202164-17-M%20UA-888%205170154801-5170155000.pdf;888;5170154801;5170155000
392;http://and-rus.ru/files/calibration/2017/04/%E2%84%96%202165-17-M%20UA-888%205170156141-5170157600.pdf;888;5170156141;5170157600
393;http://and-rus.ru/files/calibration/2017/04/%E2%84%96%202166-17-M%20UA-888%205170160001-5170161150.pdf;888;5170160001;5170161150
394;http://and-rus.ru/files/calibration/2017/04/%E2%84%96%202167-17-M%20UA-888%205170162351-5170164200.pdf;888;5170162351;5170164200
395;http://and-rus.ru/files/calibration/2017/04/%E2%84%96%202168-17-M%20UA-888%205170164921-5170165000.pdf;888;5170164921;5170165000
396;http://and-rus.ru/files/calibration/2017/04/%E2%84%96%202169-17-M%20UA-888%205170169451-5170171950.pdf;888;5170169451;5170171950
397;http://and-rus.ru/files/calibration/2017/04/%E2%84%96%202170-17-M%20UA-888%205170173411-5170174230.pdf;888;5170173411;5170174230
398;http://and-rus.ru/files/calibration/2017/04/%E2%84%96%202171-17-M%20UA-888%205170174331-5170175003.pdf;888;5170174331;5170175003
399;http://and-rus.ru/files/calibration/2017/05/%E2%84%96%202393-17-M%20UA-888%205160200001-5160210000.pdf;888;5160200001;5160210000
400;http://and-rus.ru/files/calibration/2017/05/%E2%84%96%202394-17-M%20UA-888%205160219111-5160223910.pdf;888;5160219111;5160223910
401;http://and-rus.ru/files/calibration/2017/06/%E2%84%96%202914-17-%D0%9C%20UA-888%205170316001-5170317000.pdf;888;5170316001;5170317000
402;http://and-rus.ru/files/calibration/2017/06/%E2%84%96%202915-17-%D0%9C%20UA-888%205170421971-5170436000.pdf;888;5170421971;5170436000
403;http://and-rus.ru/files/calibration/2017/06/%E2%84%96%202916-17-%D0%9C%20UA-888%205170421011-5170421490.pdf;888;5170421011;5170421490
404;http://and-rus.ru/files/calibration/2017/06/%E2%84%96%202917-17-%D0%9C%20UA-888%205170417431-5170417910.pdf;888;5170417431;5170417910
405;http://and-rus.ru/files/calibration/2017/06/%E2%84%96%202918-17-%D0%9C%20UA-888%205170415331-5170416000.pdf;888;5170415331;5170416000
406;http://and-rus.ru/files/calibration/2017/06/%E2%84%96%202919-17-%D0%9C%20UA-888%205170414711-5170414720.pdf;888;5170414711;5170414720
407;http://and-rus.ru/files/calibration/2017/06/%E2%84%96%202920-17-%D0%9C%20UA-888%205170414771-5170415100.pdf;888;5170414771;5170415100
408;http://and-rus.ru/files/calibration/2017/07/%E2%84%96%204136-17-%D0%9C%20UA-888%205170145001-5170145003.pdf;888;5170145001;5170145003
409;http://and-rus.ru/files/calibration/2017/07/%E2%84%96%204137-17-%D0%9C%20UA-888%205170453501-5170458500.pdf;888;5170453501;5170458500
410;http://and-rus.ru/files/calibration/2017/07/%E2%84%96%204138-17-%D0%9C%20UA-888%205170560001-5170566000.pdf;888;5170560001;5170566000
411;http://and-rus.ru/files/calibration/2017/07/%E2%84%96%204142-17-%D0%9C%20UA-888%205170510001-5170560000.pdf;888;5170510001;5170560000
412;http://and-rus.ru/files/calibration/2017/08/%E2%84%96%204777-17-M_UA-888%205170566001-5170596000.pdf;888;5170566001;5170596000
413;http://and-rus.ru/files/calibration/2017/08/%E2%84%96%204778-17-M_UA-888%205170400001-5170410000.pdf;888;5170400001;5170410000
414;http://and-rus.ru/files/calibration/2017/08/%E2%84%96%204779-17-M_UA-888%205170690651-5170692940.pdf;888;5170690651;5170692940
415;http://and-rus.ru/files/calibration/2017/08/%E2%84%96%204780-17-M_UA-888%205170686301-5170686480.pdf;888;5170686301;5170686480
416;http://and-rus.ru/files/calibration/2017/08/%E2%84%96%204781-17-M_UA-888%205170681001-5170685410.pdf;888;5170681001;5170685410
417;http://and-rus.ru/files/calibration/2017/08/%E2%84%96%204782-17-M_UA-888%205170677701-5170680000.pdf;888;5170677701;5170680000
418;http://and-rus.ru/files/calibration/2017/08/%E2%84%96%204783-17-M_UA-888%205170672001-5170673820.pdf;888;5170672001;5170673820
419;http://and-rus.ru/files/calibration/2017/08/%E2%84%96%204784-17-M_UA-888%205161215971-5161216480.pdf;888;5161215971;5161216480
420;http://and-rus.ru/files/calibration/2017/08/%E2%84%96%204785-17-M_UA-888%205170726981-5170731980.pdf;888;5170726981;5170731980
421;http://and-rus.ru/files/calibration/2017/08/%E2%84%96%204786-17-M_UA-888%205170690001-5170690650.pdf;888;5170690001;5170690650
422;http://and-rus.ru/files/calibration/2017/08/%E2%84%96%204787-17-M_UA-888%205170686481-5170686530.pdf;888;5170686481;5170686530
423;http://and-rus.ru/files/calibration/2017/08/%E2%84%96%204788-17-M_UA-888%205170686001-5170686300.pdf;888;5170686001;5170686300
424;http://and-rus.ru/files/calibration/2017/08/%E2%84%96%204789-17-M_UA-888%205170680001-5170681000.pdf;888;5170680001;5170681000
425;http://and-rus.ru/files/calibration/2017/08/%E2%84%96%204790-17-M_UA-888%205170670001-5170672000.pdf;888;5170670001;5170672000
426;http://and-rus.ru/files/calibration/2017/08/%E2%84%96%204791-17-M_UA-888%205170650001-5170652390.pdf;888;5170650001;5170652390
427;http://and-rus.ru/files/calibration/2017/08/%E2%84%96%204792-17-M_UA-888%205170642611-5170649200.pdf;888;5170642611;5170649200
428;http://and-rus.ru/files/calibration/2017/08/%E2%84%96%204793-17-M_UA-888%205170630001-5170642480.pdf;888;5170630001;5170642480
429;http://and-rus.ru/files/calibration/2017/08/%E2%84%96%204794-17-M_UA-888%205170620001-5170622790.pdf;888;5170620001;5170622790
430;http://and-rus.ru/files/calibration/2017/08/%E2%84%96%204795-17-M_UA-888%205170600001-5170613750.pdf;888;5170600001;5170613750
431;http://and-rus.ru/files/calibration/2017/08/%E2%84%96%204795-17-M_UA-888%205170600001-5170613750.pdf;888;5170600001;5170613750
432;http://and-rus.ru/files/calibration/2017/09/%E2%84%96%205231-17-%D0%9C_UA-888%205170734481-5170735120.pdf;888;5170734481;5170735120
433;http://and-rus.ru/files/calibration/2017/09/%E2%84%96%205232-17-%D0%9C_UA_888%205170732601-5170733080.pdf;888;5170732601;5170733080
434;http://and-rus.ru/files/calibration/2017/09/%E2%84%96%205233-17-%D0%9C_UA-888%205170724101-5170726500.pdf;888;5170724101;5170726500
435;http://and-rus.ru/files/calibration/2017/09/%E2%84%96%205234-17-%D0%9C_UA-888%205170723621-5170723660.pdf;888;5170723621;5170723660
436;http://and-rus.ru/files/calibration/2017/09/%E2%84%96%205235-17-%D0%9C_UA-888%205170722661-5170723140.pdf;888;5170722661;5170723140
437;http://and-rus.ru/files/calibration/2017/09/%E2%84%96%205236-17-%D0%9C_UA-888%205170721441-5170722400.pdf;888;5170721441;5170722400
438;http://and-rus.ru/files/calibration/2017/09/%E2%84%96%205237-17-%D0%9C_UA-888%205170700001-5170720000.pdf;888;5170700001;5170720000
439;http://and-rus.ru/files/calibration/2017/09/%E2%84%96%205238-17-%D0%9C_UA-888%205170692941-5170695000.pdf;888;5170692941;5170695000
440;http://and-rus.ru/files/calibration/2017/09/%E2%84%96%205239-17-%D0%9C_UA-888%205170500001-5170510000.pdf;888;5170500001;5170510000
441;http://and-rus.ru/files/calibration/2017/09/%E2%84%96%205240-17-%D0%9C_UA-888%205170613751-5170620000.pdf;888;5170613751;5170620000
442;http://and-rus.ru/files/calibration/2017/09/%E2%84%96%205241-17-%D0%9C_UA-888%205170622791-5170630000.pdf;888;5170622791;5170630000
443;http://and-rus.ru/files/calibration/2017/09/%E2%84%96%205242-17-%D0%9C_UA-888%205170642481-5170642610.pdf;888;5170642481;5170642610
444;http://and-rus.ru/files/calibration/2017/09/%E2%84%96%205243-17-%D0%9C_UA-888%205170649201-5170650000.pdf;888;5170649201;5170650000
445;http://and-rus.ru/files/calibration/2017/09/%E2%84%96%205244-17-%D0%9C_UA-888%205170652391-5170670000.pdf;888;5170652391;5170670000
446;http://and-rus.ru/files/calibration/2017/09/%E2%84%96%205245-17-%D0%9C_UA-888%205170673821-5170677700.pdf;888;5170673821;5170677700
447;http://and-rus.ru/files/calibration/2017/09/%E2%84%96%205246-17-%D0%9C_UA-888%205170685411-5170686000.pdf;888;5170685411;5170686000
448;http://and-rus.ru/files/calibration/2017/09/%E2%84%96%205247-17-%D0%9C_UA-888%205170686531-5170690000.pdf;888;5170686531;5170690000
449;http://and-rus.ru/files/calibration/2017/10/%E2%84%96%206211-17-%D0%9C_UA-888_5161209531-5161210970.pdf;888;5161209531;5161210970
450;http://and-rus.ru/files/calibration/2017/10/%E2%84%96%206216-17-%D0%9C_UA-888_5170930001-5170965000.pdf;888;5170930001;5170965000
451;http://and-rus.ru/files/calibration/2017/10/%E2%84%96%206219-17-%D0%9C_UA-888_5170900001-5170910000.pdf;888;5170900001;5170910000
452;http://and-rus.ru/files/calibration/2017/10/%E2%84%96%206220-17-%D0%9C_UA-888_5170735121-5170737500.pdf;888;5170735121;5170737500
453;http://and-rus.ru/files/calibration/2017/10/%E2%84%96%206221-17-%D0%9C_UA-888_5170733081-5170734480.pdf;888;5170733081;5170734480
454;http://and-rus.ru/files/calibration/2017/10/%E2%84%96%206222-17-%D0%9C_UA-888_5170731981-5170732600.pdf;888;5170731981;5170732600
455;http://and-rus.ru/files/calibration/2017/10/%E2%84%96%206223-17-%D0%9C_UA-888_5170726501-5170726980.pdf;888;5170726501;5170726980
456;http://and-rus.ru/files/calibration/2017/10/%E2%84%96%206224-17-M_UA-888_5170723661-5170724100.pdf;888;5170723661;5170724100
457;http://and-rus.ru/files/calibration/2017/10/%E2%84%96%206225-17-M_UA-888_5170723141-5170723620.pdf;888;5170723141;5170723620
458;http://and-rus.ru/files/calibration/2017/10/%E2%84%96%206226-17-%D0%9C_UA-888_5170722401-5170722660.pdf;888;5170722401;5170722660
459;http://and-rus.ru/files/calibration/2017/10/%E2%84%96%206227-17-%D0%9C_UA-888_5170720001-5170721440.pdf;888;5170720001;5170721440
460;http://and-rus.ru/files/calibration/2017/12/%E2%84%96%207289-17-%D0%9C%20UA-888%207170700001-7170703010.pdf;888;7170700001;7170703010
461;http://and-rus.ru/files/calibration/2017/12/%E2%84%96%207290-17-%D0%9C%20UA-888%207170409001-7170409990.pdf;888;7170409001;7170409990
462;http://and-rus.ru/files/calibration/2017/12/%E2%84%96%207291-17-%D0%9C%20UA-888%207170900001-7170904000.pdf;888;7170900001;7170904000
463;http://and-rus.ru/files/calibration/2017/12/%E2%84%96%207292-17-%D0%9C%20UA-888%207170905001-7170931000.pdf;888;7170905001;7170931000
464;http://and-rus.ru/files/calibration/2017/12/%E2%84%96%207374-17-%D0%9C%20UA-888%205170800001-5170808020.pdf;888;5170800001;5170808020
465;http://and-rus.ru/files/calibration/2017/12/%E2%84%96%207375-17-%D0%9C%20UA-888%205170808801-5170817100.pdf;888;5170808801;5170817100
466;http://and-rus.ru/files/calibration/2017/12/%E2%84%96%207376-17-%D0%9C%20UA-888%205170820001-5170842140.pdf;888;5170820001;5170842140
467;http://and-rus.ru/files/calibration/2017/12/%E2%84%96%207377-17-%D0%9C%20UA-888%205170842241-5170843780.pdf;888;5170842241;5170843780
468;http://and-rus.ru/files/calibration/2017/12/%E2%84%96%207378-17-%D0%9C%20UA-888%205170921851-5170923770.pdf;888;5170921851;5170923770
469;http://and-rus.ru/files/calibration/2017/12/%E2%84%96%207379-17-%D0%9C%20UA-888%205170920001-5170921440.pdf;888;5170920001;5170921440
470;http://and-rus.ru/files/calibration/2017/12/%E2%84%96%207380-17-%D0%9C%20UA-888%205170917351-5170918790.pdf;888;5170917351;5170918790
471;http://and-rus.ru/files/calibration/2017/12/%E2%84%96%207381-17-%D0%9C%20UA-888%205170913991-5170916870.pdf;888;5170913991;5170916870
472;http://and-rus.ru/files/calibration/2017/12/%E2%84%96%207382-17-%D0%9C%20UA-888%205170912141-5170913820.pdf;888;5170912141;5170913820
473;http://and-rus.ru/files/calibration/2017/12/%E2%84%96%207383-17-%D0%9C%20UA-888%205170910701-5170911180.pdf;888;5170910701;5170911180
474;http://and-rus.ru/files/calibration/2017/12/%E2%84%96%207384-17-%D0%9C%20UA-888%205170910481-5170910640.pdf;888;5170910481;5170910640
475;http://and-rus.ru/files/calibration/2017/12/%E2%84%96%207385-17-%D0%9C%20UA-888%205170923771-5170930000.pdf;888;5170923771;5170930000
476;http://and-rus.ru/files/calibration/2017/12/%E2%84%96%207386-17-%D0%9C%20UA-888%205170921441-5170921850.pdf;888;5170921441;5170921850
477;http://and-rus.ru/files/calibration/2017/12/%E2%84%96%207387-17-%D0%9C%20UA-888%205170918791-5170920000.pdf;888;5170918791;5170920000
478;http://and-rus.ru/files/calibration/2017/12/%E2%84%96%207388-17-%D0%9C%20UA-888%205170916871-5170917350.pdf;888;5170916871;5170917350
479;http://and-rus.ru/files/calibration/2017/12/%E2%84%96%207389-17-%D0%9C%20UA-888%205170913821-5170913990.pdf;888;5170913821;5170913990
480;http://and-rus.ru/files/calibration/2017/12/%E2%84%96%207390-17-%D0%9C%20UA-888%205170911181-5170912140.pdf;888;5170911181;5170912140
481;http://and-rus.ru/files/calibration/2017/12/%E2%84%96%207391-17-%D0%9C%20UA-888%205170910641-5170910700.pdf;888;5170910641;5170910700
482;http://and-rus.ru/files/calibration/2017/12/%E2%84%96%207392-17-%D0%9C%20UA-888%205170910001-5170910480.pdf;888;5170910001;5170910480
483;http://and-rus.ru/files/calibration/2017/12/%E2%84%96%207463-17-%D0%9C%20UA-888%207170904001-7170905000.pdf;888;7170904001;7170905000
484;http://and-rus.ru/files/calibration/2017/12/%E2%84%96%207464-17-%D0%9C%20UA-888%207171000001-7171009500.pdf;888;7171000001;7171009500
485;http://and-rus.ru/files/calibration/2017/12/%E2%84%96%207465-17-%D0%9C%20UA-888%207171009501-7171012000.pdf;888;7171009501;7171012000
486;http://and-rus.ru/files/calibration/2017/12/%E2%84%96%207466-17-%D0%9C%20UA-888%207171112001-7171119000.pdf;888;7171112001;7171119000
487;http://and-rus.ru/files/calibration/2017/12/%E2%84%96%207467-17-%D0%9C%20UA-888%207171120001-7171121500.pdf;888;7171120001;7171121500
488;http://and-rus.ru/files/calibration/2017/12/%E2%84%96%207468-17-%D0%9C%20UA-888%207170400001-7170409000.pdf;888;7170400001;7170409000
489;http://and-rus.ru/files/calibration/2017/12/%E2%84%96%207469-17-%D0%9C%20UA-888%207170606001-7170625000.pdf;888;7170606001;7170625000
490;http://and-rus.ru/files/calibration/2017/12/%E2%84%96%207470-17-%D0%9C%20UA-888%207171017001-7171031000.pdf;888;7171017001;7171031000
491;http://and-rus.ru/files/calibration/2017/12/%E2%84%96%207471-17-%D0%9C%20UA-888%207170740001-7170743010.pdf;888;7170740001;7170743010
492;http://and-rus.ru/files/calibration/2017/12/%E2%84%96%207472-17-%D0%9C%20UA-888%207170703011-7170720000.pdf;888;7170703011;7170720000
493;http://and-rus.ru/files/calibration/2017/12/%E2%84%96%207509-17-%D0%9C%20UA-888%205170842141-5170842240.pdf;888;5170842141;5170842240
494;http://and-rus.ru/files/calibration/2017/12/%E2%84%96%207510-17-%D0%9C%20UA-888%205170817101-5170820000.pdf;888;5170817101;5170820000
495;http://and-rus.ru/files/calibration/2017/12/%E2%84%96%207511-17-%D0%9C%20UA-888%205170808021-5170808800.pdf;888;5170808021;5170808800
496;http://and-rus.ru/files/calibration/2017/12/%E2%84%96%207512-17-M%20UA-888%205170843781-5170870000.pdf;888;5170843781;5170870000
497;http://and-rus.ru/files/calibration/2017/12/%E2%84%96%207513-17-%D0%9C%20UA-888%207170603001-7170605000.pdf;888;7170603001;7170605000
498;http://and-rus.ru/files/calibration/2017/12/%E2%84%96%207514-17-%D0%9C%20UA-888%207170605001-7170606000.pdf;888;7170605001;7170606000
499;http://and-rus.ru/files/calibration/2017/12/%E2%84%96%207515-17-%D0%9C%20UA-888%207170600001-7170602000.pdf;888;7170600001;7170602000
500;http://and-rus.ru/files/calibration/2017/12/%E2%84%96%207516-17-%D0%9C%20UA-888%207170440001-7170450000.pdf;888;7170440001;7170450000
501;http://and-rus.ru/files/calibration/2017/12/%E2%84%96%207517-17-%D0%9C%20UA-888%207170420001-7170440000.pdf;888;7170420001;7170440000
502;http://and-rus.ru/files/calibration/2017/12/%E2%84%96%207518-17-%D0%9C%20UA-888%207170450001-7170460000.pdf;888;7170450001;7170460000
503;http://and-rus.ru/files/calibration/2017/12/%E2%84%96%207519%2017-%D0%9C%20UA-888%207170625001-7170630000.pdf;888;7170625001;7170630000
504;http://and-rus.ru/files/calibration/2017/12/%E2%84%96%207520-17-%D0%9C%20UA-888%207170602001-7170603000.pdf;888;7170602001;7170603000
505;http://and-rus.ru/files/calibration/2017/12/%E2%84%96%207521-17-%D0%9C%20UA-888%207170630001-7170640000.pdf;888;7170630001;7170640000
506;http://and-rus.ru/files/calibration/2017/12/%E2%84%96%207522-17-%D0%9C%20UA-888%207171012001-7171017000.pdf;888;7171012001;7171017000
507;http://and-rus.ru/files/calibration/2018/01/%E2%84%96%2078-18-M_UA-888_7171200001-7171200010.pdf;888;7171200001;7171200010
508;http://and-rus.ru/files/calibration/2018/01/%E2%84%96%2079-18-%D0%9C_UA-888_7171158001-7171168000.pdf;888;7171158001;7171168000
509;http://and-rus.ru/files/calibration/2018/01/%E2%84%96%2080-18-%D0%9C_UA-888_7171105011-7171112000.pdf;888;7171105011;7171112000
510;http://and-rus.ru/files/calibration/2018/01/%E2%84%96%2081-18-%D0%9C_UA-888_7171100001-7171105010.pdf;888;7171100001;7171105010
511;http://and-rus.ru/files/calibration/2018/01/%E2%84%96%2082-18-%D0%9C_UA-888_7170743011-7170750000.pdf;888;7170743011;7170750000
512;http://and-rus.ru/files/calibration/2018/01/%E2%84%96%2083-18-%D0%9C_UA-888_7171180501-7171184000.pdf;888;7171180501;7171184000
513;http://and-rus.ru/files/calibration/2018/01/%E2%84%96%2084-18-%D0%9C_UA-888_7171168001-7171170500.pdf;888;7171168001;7171170500
514;http://and-rus.ru/files/calibration/2018/01/%E2%84%96%2085-18-%D0%9C_UA-888_7171131501-7171141500.pdf;888;7171131501;7171141500
515;http://and-rus.ru/files/calibration/2018/01/%E2%84%96%2086-18-%D0%9C_UA-888_7171119001-7171120000.pdf;888;7171119001;7171120000
516;http://and-rus.ru/files/calibration/2018/01/%E2%84%96%2087-18-%D0%9C_UA-888_7171153001-7171158000.pdf;888;7171153001;7171158000
517;http://and-rus.ru/files/calibration/2018/01/%E2%84%96%2088-18-%D0%9C_UA-888_7171144001-7171153000.pdf;888;7171144001;7171153000
518;http://and-rus.ru/files/calibration/2018/01/%E2%84%96%2089-18-%D0%9C_UA-888_7171031001-7171032000.pdf;888;7171031001;7171032000
519;http://and-rus.ru/files/calibration/2018/01/%E2%84%96%20291-18-%D0%9C_UA-888_7171121501-7171131500.pdf;888;7171121501;7171131500
520;http://and-rus.ru/files/calibration/2018/01/%E2%84%96%20292-18-%D0%9C_UA-888_7171141501-7171144000.pdf;888;7171141501;7171144000
521;http://and-rus.ru/files/calibration/2018/01/%E2%84%96%20293-18-%D0%9C_UA-888_7171170501-7171180500.pdf;888;7171170501;7171180500
522;http://and-rus.ru/files/calibration/2018/02/%E2%84%96%20673-18-%D0%9C_UA-888_7171213011-7171223010.pdf;888;7171213011;7171223010
523;http://and-rus.ru/files/calibration/2018/02/%E2%84%96%20674-18-%D0%9C_UA-888_7171223011-7171230010.pdf;888;7171223011;7171230010
524;http://and-rus.ru/files/calibration/2017/07/%E2%84%96%204020-17-%D0%9C%20A%26D%20UA-911BT-C%205170200001-5170200300.pdf;911c;5170200001;5170200300
525;http://and-rus.ru/files/calibration/2017/07/%E2%84%96%204021-17-%D0%9C%20A%26D%20UA-911BT-C%205170300001-5170300500.pdf;911c;5170300001;5170300500
526;http://and-rus.ru/files/calibration/2017/07/%E2%84%96%204340-17-%D0%9C%20A%26D%20UA-911BT-C%205170500001-5170500500.pdf;911c;5170500001;5170500500
527;http://and-rus.ru/files/calibration/2017/07/%E2%84%96%204341-17-%D0%9C%20A%26D%20UA-911BT-C%205170400001-5170400500.pdf;911c;5170400001;5170400500
528;http://and-rus.ru/files/calibration/2017/08/%E2%84%96%204915-17-%D0%9C_UA-911BT-C_5170700001-5170701000.pdf;911c;5170700001;5170701000
529;http://and-rus.ru/files/calibration/2017/12/%E2%84%96%207955-17-%D0%9C_UA-911BT-C_5170800001-5170800500.pdf;911c;5170800001;5170800500
530;http://and-rus.ru/files/calibration/2017/12/%E2%84%96%208042-17-%D0%9C_UA-911BT-C_5170900001-5170900500.pdf;911c;5170900001;5170900500
531;http://and-rus.ru/files/calibration/2018/02/%E2%84%96%20447-18-%D0%9C_UA-911BT-C_5171200001-5171200500.pdf;911c;5171200001;5171200500
532;http://and-rus.ru/files/calibration/2017/03/%E2%84%96%201326-17-%D0%9C%20DT-623%20B161200001-B161225000.pdf;623;161200001;161225000
533;http://and-rus.ru/files/calibration/2017/07/%E2%84%96%204140-17-%D0%9C%20DT-623%20B170500001-B170525000.pdf;623;170500001;170525000
534;http://and-rus.ru/files/calibration/2017/10/%E2%84%96%206405-17-M_DT-623_B170800001-B170825000.pdf;623;170800001;170825000
535;http://and-rus.ru/files/calibration/2018/02/%E2%84%96%20648-18-%D0%9C_DT-623_B171200001-B171210000.pdf;623;171200001;171210000
536;http://and-rus.ru/files/calibration/2018/02/%E2%84%96%20649-18-%D0%9C_DT-623_B171210001-B171220000.pdf;623;171210001;171220000
537;http://and-rus.ru/files/calibration/2018/02/%E2%84%96%20650-18-%D0%9C_DT-623_B171220001-B171225000.pdf;623;171220001;171225000
538;http://and-rus.ru/files/calibration/2017/02/DT-501%28%D0%92161100001-%D0%92161150000%29.pdf;501;16110001;161150000
539;http://and-rus.ru/files/calibration/2017/03/%E2%84%96%201170-17-%D0%9C%20DT-501%20B161200001-B161225000.pdf;501;161200001;161225000
540;http://and-rus.ru/files/calibration/2017/04/%E2%84%96%201454-17-M%20DT-501%20B170100001-D170125000.pdf;501;170100001;170125000
541;http://and-rus.ru/files/calibration/2017/04/%E2%84%96_%201770_17_M_DT-501_B170125001_D170175000.pdf;501;170125001;170175000
542;http://and-rus.ru/files/calibration/2017/04/%E2%84%96_%201771_17_M_DT-501_B170200001_D170225000.pdf;501;170200001;170225000
543;http://and-rus.ru/files/calibration/2017/07/%E2%84%96_%204139_17_M_DT-501_B170500001_D170525000.pdf;501;170500001;170525000
544;http://and-rus.ru/files/calibration/2017/08/%E2%84%96_4689_17_M_DT-501_B170600001_B170650000.pdf;501;170600001;170650000
545;http://and-rus.ru/files/calibration/2017/08/%E2%84%96_4690_17_M_DT-501_B170650001_B170660000.pdf;501;170650001;170660000
546;http://and-rus.ru/files/calibration/2017/08/%E2%84%96%205177-17-%D0%9C_DT-501%20%D0%92170700001-%D0%92170740000.pdf;501;170700001;170740000
547;http://and-rus.ru/files/calibration/2017/10/%E2%84%96%206406-17-M_DT-501_B170800001-B170835000.pdf;501;170800001;170835000
548;http://and-rus.ru/files/calibration/2017/12/%E2%84%96%207373-17-%D0%9C%20DT-501%20B170900001-B170930000.pdf;501;170900001;170930000
549;http://and-rus.ru/files/calibration/2017/12/%E2%84%96%207506-17-%D0%9C%20DT-501%20B171000001-B171045000.pdf;501;171000001;171045000
550;http://and-rus.ru/files/calibration/2017/12/%E2%84%96%208201-17-M%20DT-501%20B171125001-B171175000.pdf;501;171125001;171175000
551;http://and-rus.ru/files/calibration/2017/12/%E2%84%96%208202-17-M%20DT-501%20B171175001-B171199999.pdf;501;171175001;171199999
552;http://and-rus.ru/files/calibration/2017/12/%E2%84%96%208203-17-M%20DT-501%20B171200001-B171205000.pdf;501;171200001;171205000
553;http://and-rus.ru/files/calibration/2017/12/%E2%84%96%208204-17-M%20DT-501%20B171100001-B171125000.pdf;501;171100001;171125000
554;http://and-rus.ru/files/calibration/2018/02/%E2%84%96%20651-18-%D0%9C_DT-501_B171200001-B171210000.pdf;501;171200001;171210000
555;http://and-rus.ru/files/calibration/2018/02/%E2%84%96%20652-18-%D0%9C_DT-501_B171210001-B171220000.pdf;501;171210001;171220000
556;http://and-rus.ru/files/calibration/2018/02/%E2%84%96%20653-18-%D0%9C_DT-501_B171220001-B171225000.pdf;501;171220001;171225000
557;http://and-rus.ru/files/calibration/2017/09/%E2%84%96%204593%20DT-624%20%D0%92140910001-%D0%92140920000.pdf;624;140910001;140920000
558;http://and-rus.ru/files/calibration/2017/02/DT-624%28%D0%921611100001-%D0%92161120000%29.pdf;624;161110001;161120000
559;http://and-rus.ru/files/calibration/2017/02/DT-624%28%D0%92161120001-%D0%92161130000%29.pdf;624;161120001;161130000
560;http://and-rus.ru/files/calibration/2017/02/DT-624%28%D0%92161100001-%D0%92161110000%29.pdf;624;161100001;161110000
561;http://and-rus.ru/files/calibration/2017/07/%E2%84%96%204141%20DT-624%20B170500001-B170510000.pdf;624;170500001;170510000
562;http://and-rus.ru/files/calibration/2017/08/%E2%84%96%204691%20DT-624%20B170600001-B170610000.pdf;624;170600001;170610000
563;http://and-rus.ru/files/calibration/2017/08/%E2%84%96%204692%20DT-624%20B170610001-B170620000.pdf;624;170610001;170620000
564;http://and-rus.ru/files/calibration/2017/10/%E2%84%96%206208-17-%D0%9C_DT-624_B170120001-B170130000.pdf;624;170120001;170130000
565;http://and-rus.ru/files/calibration/2017/10/%E2%84%96%206209-17-%D0%9C_DT-624_B170100001-B170110000.pdf;624;170100001;170110000
566;http://and-rus.ru/files/calibration/2017/10/%E2%84%96%206210-17-%D0%9C_DT-624_B170110001-B170120000.pdf;624;170110001;170120000
567;http://and-rus.ru/files/calibration/2017/10/%E2%84%96%206404-17-M_DT-624_B170800001-B170810001.pdf;624;170800001;170810001
568;http://and-rus.ru/files/calibration/2017/12/%E2%84%96%207372-17-%D0%9C%20DT-624%20B171000001-B171010000.pdf;624;171000001;171010000
569;http://and-rus.ru/files/calibration/2018/02/%E2%84%96%20645-18-M_DT-624_B171220001-B171230000.pdf;624;171220001;171230000
570;http://and-rus.ru/files/calibration/2018/02/%E2%84%96%20646-18-%D0%9C_DT-624_B171210001-B171220000.pdf;624;171210001;171220000
571;http://and-rus.ru/files/calibration/2018/02/%E2%84%96%20647-18-%D0%9C_DT-624_B171200001-B171210000.pdf;624;171200001;171210000
